drug,disease,target,association_score,max_phase,action_type,priority_score,boxed_warning,contraindications,serious_ae_reports,disease_trial_count,disease_max_trial_phase,disease_trial_has_results,pubmed_result_count,disease_burden_estimate,storage_requires_cold_chain,patent_status,eml_listed,resistance_notes,manufacturing_notes
PAZOPANIB HYDROCHLORIDE,Scabies,FLG,0.6790696224956302,4.0,INHIBITOR,87.2,True,4 CONTRAINDICATIONS None. None. ( 4 ),102,0,0,False,0,,False,,,,
REGORAFENIB,Scabies,FLG,0.6790696224956302,4.0,INHIBITOR,87.2,True,4 CONTRAINDICATIONS None. None.,1998,0,0,False,0,,False,,,,
PEMIGATINIB,Scabies,FLG,0.6790696224956302,4.0,INHIBITOR,87.2,False,4 CONTRAINDICATIONS None. None. ( 4 ),90,0,0,False,0,,False,,,,
PROTEIN S HUMAN,Dengue,PROS1,0.5132923560491462,4.0,EXOGENOUS PROTEIN,80.5,,,1,2,1,True,0,,,,,,
PREDNISONE,Scabies,NR3C1,0.4953396663482461,4.0,AGONIST,79.8,False,CONTRAINDICATIONS Systemic fungal infections and known hypersensitivity to components.,418606,0,0,False,11,,False,,,,
HALCINONIDE,Scabies,NR3C1,0.4953396663482461,4.0,AGONIST,79.8,False,CONTRAINDICATIONS Topical corticosteroids are contraindicated in those patients with a history of hypersensitivity to any of the components of the preparations.,23,0,0,False,0,,False,,,,
MEDRYSONE,Scabies,NR3C1,0.4953396663482461,4.0,AGONIST,79.8,,,,0,0,False,0,,,,,,
DIFLUPREDNATE,Scabies,NR3C1,0.4953396663482461,4.0,AGONIST,79.8,False,"4 CONTRAINDICATIONS The use of difluprednate ophthalmic emulsion, as with other ophthalmic corticosteroids, is contraindicated in most active viral diseases of the cornea and conjunctiva, including epithelial herpes simplex keratitis (dendritic keratitis), vaccinia, and varicella, and also in mycobacterial infection of the eye and fungal disease of ocular structures. Difluprednate ophthalmic emuls",823,0,0,False,0,,False,,,,
BETAMETHASONE,Scabies,NR3C1,0.4953396663482461,4.0,AGONIST,79.8,False,"4 CONTRAINDICATIONS Betamethasone dipropionate cream (augmented), is contraindicated in patients who are hypersensitive to betamethasone dipropionate, to other corticosteroids, or to any ingredient in this preparation. Hypersensitivity to any component of this medicine. ( 4 )",26676,0,0,False,1,,True,,,,
HYDROCORTISONE,Scabies,NR3C1,0.4953396663482461,4.0,AGONIST,79.8,False,,68468,0,0,False,4,,False,,,,
TRIAMCINOLONE ACETONIDE,Scabies,NR3C1,0.4953396663482461,4.0,AGONIST,79.8,False,CONTRAINDICATIONS Topical corticosteroids are contraindicated in those patients with a history of hypersensitivity to any of the components of the preparation.,13496,0,0,False,1,,False,,,,
HYDROCORTISONE CYPIONATE,Scabies,NR3C1,0.4953396663482461,4.0,AGONIST,79.8,,,6,0,0,False,0,,,,,,
CLOBETASOL PROPIONATE,Scabies,NR3C1,0.4953396663482461,4.0,AGONIST,79.8,False,CONTRAINDICATIONS Clobetasol propionate ointment is contraindicated in those patients with a history of hypersensitivity to any of the components of the preparations.,5410,0,0,False,4,,False,,,,
HYDROCORTISONE SODIUM SUCCINATE,Scabies,NR3C1,0.4953396663482461,4.0,AGONIST,79.8,False,CONTRAINDICATIONS Hydrocortisone sodium succinate for injection is contraindicated in systemic fungal infections and patients with known hypersensitivity to the product and its constituents. Intramuscular corticosteroid preparations are contraindicated for idiopathic thrombocytopenic purpura. Hydrocortisone sodium succinate for injection is contraindicated for intrathecal administration. Reports o,3921,0,0,False,0,,False,,,,
FLUOROMETHOLONE,Scabies,NR3C1,0.4953396663482461,4.0,AGONIST,79.8,False,"CONTRAINDICATIONS Contraindicated in acute superficial herpes simplex keratitis, vaccinia, varicella, and most other viral diseases of cornea and conjunctiva; mycobacterial infection of the eye; fungal diseases; acute purulent untreated infections, which like other diseases caused by microorganisms, may be masked or enhanced by the presence of the steroid; and in those persons who have known hyper",1529,0,0,False,0,,True,,,,
HYDROCORTAMATE HYDROCHLORIDE,Scabies,NR3C1,0.4953396663482461,4.0,AGONIST,79.8,,,,0,0,False,0,,,,,,
BETAMETHASONE SODIUM PHOSPHATE,Scabies,NR3C1,0.4953396663482461,4.0,AGONIST,79.8,False,CONTRAINDICATIONS Betamethasone Sodium Phosphate and Betamethasone Acetate Injectable Suspension is contraindicated in patients who are hypersensitive to any components of this product. Intramuscular corticosteroid preparations are contraindicated for idiopathic thrombocytopenic purpura.,1648,0,0,False,0,,False,,,,
LOTEPREDNOL ETABONATE,Scabies,NR3C1,0.4953396663482461,4.0,AGONIST,79.8,False,"CONTRAINDICATIONS Loteprednol etabonate, as with other ophthalmic corticosteroids, is contraindicated in most viral diseases of the cornea and conjunctiva including epithelial herpes simplex keratitis (dendritic keratitis), vaccinia, and varicella, and also in mycobacterial infection of the eye and fungal diseases of ocular structures. Loteprednol etabonate is also contraindicated in individuals w",333,0,0,False,0,,False,,,,
PREDNISOLONE TEBUTATE,Scabies,NR3C1,0.4953396663482461,4.0,AGONIST,79.8,,,1,0,0,False,0,,,,,,
PREDNISOLONE,Scabies,NR3C1,0.4953396663482461,4.0,AGONIST,79.8,False,"CONTRAINDICATIONS PRED FORTE ® suspension is contraindicated in acute untreated purulent ocular infections, in most viral diseases of the cornea and conjunctiva including epithelial herpes simplex keratitis (dendritic keratitis), vaccinia, and varicella, and also in mycobacterial infection of the eye and fungal diseases of ocular structures. PRED FORTE ® suspension is also contraindicated in indiv",184040,0,0,False,8,,False,,,,
FLUNISOLIDE,Scabies,NR3C1,0.4953396663482461,4.0,AGONIST,79.8,False,CONTRAINDICATIONS Hypersensitivity to any of the ingredients.,1263,0,0,False,0,,False,,,,
PARAMETHASONE ACETATE,Scabies,NR3C1,0.4953396663482461,4.0,AGONIST,79.8,,,4,0,0,False,0,,,,,,
BETAMETHASONE DIPROPIONATE,Scabies,NR3C1,0.4953396663482461,4.0,AGONIST,79.8,False,"4 CONTRAINDICATIONS Betamethasone dipropionate cream (augmented), is contraindicated in patients who are hypersensitive to betamethasone dipropionate, to other corticosteroids, or to any ingredient in this preparation. Hypersensitivity to any component of this medicine. ( 4 )",6814,0,0,False,0,,True,,,,
BETAMETHASONE ACETATE,Scabies,NR3C1,0.4953396663482461,4.0,AGONIST,79.8,False,CONTRAINDICATIONS Betamethasone Sodium Phosphate and Betamethasone Acetate Injectable Suspension is contraindicated in patients who are hypersensitive to any components of this product. Intramuscular corticosteroid preparations are contraindicated for idiopathic thrombocytopenic purpura.,190,0,0,False,0,,False,,,,
DEXAMETHASONE SODIUM PHOSPHATE,Scabies,NR3C1,0.4953396663482461,4.0,AGONIST,79.8,False,CONTRAINDICATIONS Systemic fungal infections.,11465,0,0,False,0,,True,,,,
METHYLPREDNISOLONE SODIUM SUCCINATE,Scabies,NR3C1,0.4953396663482461,4.0,AGONIST,79.8,False,CONTRAINDICATIONS Methylprednisolone Sodium Succinate Sterile Powder is contraindicated: in systemic fungal infections and patients with known hypersensitivity to the product and its constituents; The methylprednisolone sodium succinate for injection 40 mg presentation includes lactose monohydrate produced from cow’s milk. This presentation is therefore contraindicated in patients with a known or ,17980,0,0,False,0,,False,,,,
DESONIDE,Scabies,NR3C1,0.4953396663482461,4.0,AGONIST,79.8,False,"CONTRAINDICATIONS Desonide cream, 0.05% is contraindicated in those patients with a history of hypersensitivity to any of the components of the preparation.",2910,0,0,False,1,,True,,,,
PREDNICARBATE,Scabies,NR3C1,0.4953396663482461,4.0,AGONIST,79.8,,,280,0,0,False,0,,,,,,
BECLOMETHASONE DIPROPIONATE,Scabies,NR3C1,0.4953396663482461,4.0,AGONIST,79.8,False,4 CONTRAINDICATIONS QVAR REDIHALER is contraindicated in: the primary treatment of status asthmaticus or other acute episodes of asthma where intensive measures are required [see Warnings and Precautions ( 5.2 )] . in patients with known hypersensitivity to beclomethasone dipropionate or any of the ingredients in QVAR REDIHALER [see Warnings and Precautions ( 5.6 )] . Primary treatment of status a,7423,0,0,False,0,,False,,,,
EFLORNITHINE HYDROCHLORIDE,Human African trypanosomiasis,ODC1,0.48516575363259434,4.0,INHIBITOR,79.4,False,4 CONTRAINDICATIONS None. None ( 4 ),24,5,4,False,1,"5.0 (2025, Number of new reported cases of human African trypanosomiasis (T.b. gambiense))",False,,,,
SURUFATINIB,Scabies,FLG,0.6790696224956302,3.0,INHIBITOR,72.2,,,24,0,0,False,0,,,,,,
PREDNISONE,Taeniasis,NR3C1,0.25962984791600296,4.0,AGONIST,70.4,False,CONTRAINDICATIONS Systemic fungal infections and known hypersensitivity to components.,418606,0,0,False,1,,False,,,,
HALCINONIDE,Taeniasis,NR3C1,0.25962984791600296,4.0,AGONIST,70.4,False,CONTRAINDICATIONS Topical corticosteroids are contraindicated in those patients with a history of hypersensitivity to any of the components of the preparations.,23,0,0,False,0,,False,,,,
MEDRYSONE,Taeniasis,NR3C1,0.25962984791600296,4.0,AGONIST,70.4,,,,0,0,False,0,,,,,,
DIFLUPREDNATE,Taeniasis,NR3C1,0.25962984791600296,4.0,AGONIST,70.4,False,"4 CONTRAINDICATIONS The use of difluprednate ophthalmic emulsion, as with other ophthalmic corticosteroids, is contraindicated in most active viral diseases of the cornea and conjunctiva, including epithelial herpes simplex keratitis (dendritic keratitis), vaccinia, and varicella, and also in mycobacterial infection of the eye and fungal disease of ocular structures. Difluprednate ophthalmic emuls",823,0,0,False,0,,False,,,,
BETAMETHASONE,Taeniasis,NR3C1,0.25962984791600296,4.0,AGONIST,70.4,False,"4 CONTRAINDICATIONS Betamethasone dipropionate cream (augmented), is contraindicated in patients who are hypersensitive to betamethasone dipropionate, to other corticosteroids, or to any ingredient in this preparation. Hypersensitivity to any component of this medicine. ( 4 )",26676,0,0,False,0,,True,,,,
HYDROCORTISONE,Taeniasis,NR3C1,0.25962984791600296,4.0,AGONIST,70.4,False,,68468,0,0,False,0,,False,,,,
TRIAMCINOLONE ACETONIDE,Taeniasis,NR3C1,0.25962984791600296,4.0,AGONIST,70.4,False,CONTRAINDICATIONS Topical corticosteroids are contraindicated in those patients with a history of hypersensitivity to any of the components of the preparation.,13496,0,0,False,0,,False,,,,
HYDROCORTISONE CYPIONATE,Taeniasis,NR3C1,0.25962984791600296,4.0,AGONIST,70.4,,,6,0,0,False,0,,,,,,
CLOBETASOL PROPIONATE,Taeniasis,NR3C1,0.25962984791600296,4.0,AGONIST,70.4,False,CONTRAINDICATIONS Clobetasol propionate ointment is contraindicated in those patients with a history of hypersensitivity to any of the components of the preparations.,5410,0,0,False,0,,False,,,,
HYDROCORTISONE SODIUM SUCCINATE,Taeniasis,NR3C1,0.25962984791600296,4.0,AGONIST,70.4,False,CONTRAINDICATIONS Hydrocortisone sodium succinate for injection is contraindicated in systemic fungal infections and patients with known hypersensitivity to the product and its constituents. Intramuscular corticosteroid preparations are contraindicated for idiopathic thrombocytopenic purpura. Hydrocortisone sodium succinate for injection is contraindicated for intrathecal administration. Reports o,3921,0,0,False,0,,False,,,,
FLUOROMETHOLONE,Taeniasis,NR3C1,0.25962984791600296,4.0,AGONIST,70.4,False,"CONTRAINDICATIONS Contraindicated in acute superficial herpes simplex keratitis, vaccinia, varicella, and most other viral diseases of cornea and conjunctiva; mycobacterial infection of the eye; fungal diseases; acute purulent untreated infections, which like other diseases caused by microorganisms, may be masked or enhanced by the presence of the steroid; and in those persons who have known hyper",1529,0,0,False,0,,True,,,,
HYDROCORTAMATE HYDROCHLORIDE,Taeniasis,NR3C1,0.25962984791600296,4.0,AGONIST,70.4,,,,0,0,False,0,,,,,,
BETAMETHASONE SODIUM PHOSPHATE,Taeniasis,NR3C1,0.25962984791600296,4.0,AGONIST,70.4,False,CONTRAINDICATIONS Betamethasone Sodium Phosphate and Betamethasone Acetate Injectable Suspension is contraindicated in patients who are hypersensitive to any components of this product. Intramuscular corticosteroid preparations are contraindicated for idiopathic thrombocytopenic purpura.,1648,0,0,False,0,,False,,,,
LOTEPREDNOL ETABONATE,Taeniasis,NR3C1,0.25962984791600296,4.0,AGONIST,70.4,False,"CONTRAINDICATIONS Loteprednol etabonate, as with other ophthalmic corticosteroids, is contraindicated in most viral diseases of the cornea and conjunctiva including epithelial herpes simplex keratitis (dendritic keratitis), vaccinia, and varicella, and also in mycobacterial infection of the eye and fungal diseases of ocular structures. Loteprednol etabonate is also contraindicated in individuals w",333,0,0,False,0,,False,,,,
PREDNISOLONE TEBUTATE,Taeniasis,NR3C1,0.25962984791600296,4.0,AGONIST,70.4,,,1,0,0,False,0,,,,,,
PREDNISOLONE,Taeniasis,NR3C1,0.25962984791600296,4.0,AGONIST,70.4,False,"CONTRAINDICATIONS PRED FORTE ® suspension is contraindicated in acute untreated purulent ocular infections, in most viral diseases of the cornea and conjunctiva including epithelial herpes simplex keratitis (dendritic keratitis), vaccinia, and varicella, and also in mycobacterial infection of the eye and fungal diseases of ocular structures. PRED FORTE ® suspension is also contraindicated in indiv",184040,0,0,False,6,,False,,,,
FLUNISOLIDE,Taeniasis,NR3C1,0.25962984791600296,4.0,AGONIST,70.4,False,CONTRAINDICATIONS Hypersensitivity to any of the ingredients.,1263,0,0,False,0,,False,,,,
PARAMETHASONE ACETATE,Taeniasis,NR3C1,0.25962984791600296,4.0,AGONIST,70.4,,,4,0,0,False,0,,,,,,
BETAMETHASONE DIPROPIONATE,Taeniasis,NR3C1,0.25962984791600296,4.0,AGONIST,70.4,False,"4 CONTRAINDICATIONS Betamethasone dipropionate cream (augmented), is contraindicated in patients who are hypersensitive to betamethasone dipropionate, to other corticosteroids, or to any ingredient in this preparation. Hypersensitivity to any component of this medicine. ( 4 )",6814,0,0,False,0,,True,,,,
BETAMETHASONE ACETATE,Taeniasis,NR3C1,0.25962984791600296,4.0,AGONIST,70.4,False,CONTRAINDICATIONS Betamethasone Sodium Phosphate and Betamethasone Acetate Injectable Suspension is contraindicated in patients who are hypersensitive to any components of this product. Intramuscular corticosteroid preparations are contraindicated for idiopathic thrombocytopenic purpura.,190,0,0,False,0,,False,,,,
DEXAMETHASONE SODIUM PHOSPHATE,Taeniasis,NR3C1,0.25962984791600296,4.0,AGONIST,70.4,False,CONTRAINDICATIONS Systemic fungal infections.,11465,5,4,False,0,,True,,,,
METHYLPREDNISOLONE SODIUM SUCCINATE,Taeniasis,NR3C1,0.25962984791600296,4.0,AGONIST,70.4,False,CONTRAINDICATIONS Methylprednisolone Sodium Succinate Sterile Powder is contraindicated: in systemic fungal infections and patients with known hypersensitivity to the product and its constituents; The methylprednisolone sodium succinate for injection 40 mg presentation includes lactose monohydrate produced from cow’s milk. This presentation is therefore contraindicated in patients with a known or ,17980,0,0,False,0,,False,,,,
DESONIDE,Taeniasis,NR3C1,0.25962984791600296,4.0,AGONIST,70.4,False,"CONTRAINDICATIONS Desonide cream, 0.05% is contraindicated in those patients with a history of hypersensitivity to any of the components of the preparation.",2910,0,0,False,0,,True,,,,
PREDNICARBATE,Taeniasis,NR3C1,0.25962984791600296,4.0,AGONIST,70.4,,,280,0,0,False,0,,,,,,
BECLOMETHASONE DIPROPIONATE,Taeniasis,NR3C1,0.25962984791600296,4.0,AGONIST,70.4,False,4 CONTRAINDICATIONS QVAR REDIHALER is contraindicated in: the primary treatment of status asthmaticus or other acute episodes of asthma where intensive measures are required [see Warnings and Precautions ( 5.2 )] . in patients with known hypersensitivity to beclomethasone dipropionate or any of the ingredients in QVAR REDIHALER [see Warnings and Precautions ( 5.6 )] . Primary treatment of status a,7423,0,0,False,0,,False,,,,
BISANTRENE,Scabies,FTO,0.5586521891688788,3.0,INHIBITOR,67.3,,,1,0,0,False,0,,,,,,
PROTHROMBIN COMPLEX CONCENTRATE,Dengue,PROS1,0.5132923560491462,3.0,EXOGENOUS PROTEIN,65.5,,,319,0,0,False,0,,,,,,
DOXYCYCLINE,Lymphatic filariasis,MMP8,0.09239496367117545,4.0,INHIBITOR,63.7,False,CONTRAINDICATIONS This drug is contraindicated in persons who have shown hypersensitivity to any of the tetracyclines.,52682,6,4,False,79,,False,,,,
DOXYCYCLINE CALCIUM,Lymphatic filariasis,MMP8,0.09239496367117545,4.0,INHIBITOR,63.7,,,57,6,4,False,0,,,,,,
DOXYCYCLINE HYCLATE,Lymphatic filariasis,MMP8,0.09239496367117545,4.0,INHIBITOR,63.7,False,CONTRAINDICATIONS This drug is contraindicated in persons who have shown hypersensitivity to any of the tetracyclines.,10502,6,4,False,0,,False,,,,
DOXYCYCLINE,Lymphatic filariasis,MMP7,0.09239496367117545,4.0,INHIBITOR,63.7,False,CONTRAINDICATIONS This drug is contraindicated in persons who have shown hypersensitivity to any of the tetracyclines.,52682,6,4,False,79,,False,,,,
DOXYCYCLINE CALCIUM,Lymphatic filariasis,MMP7,0.09239496367117545,4.0,INHIBITOR,63.7,,,57,6,4,False,0,,,,,,
DOXYCYCLINE HYCLATE,Lymphatic filariasis,MMP7,0.09239496367117545,4.0,INHIBITOR,63.7,False,CONTRAINDICATIONS This drug is contraindicated in persons who have shown hypersensitivity to any of the tetracyclines.,10502,6,4,False,0,,False,,,,
DUPILUMAB,Schistosomiasis,IL4R,0.09146540907765181,4.0,ANTAGONIST,63.7,False,4 CONTRAINDICATIONS DUPIXENT is contraindicated in patients who have known hypersensitivity to dupilumab or any excipients of DUPIXENT [see Warnings and Precautions (5.1) ] . Known hypersensitivity to dupilumab or any excipients in DUPIXENT. ( 4 ),6179,0,0,False,0,,True,,,,
LEBRIKIZUMAB,Schistosomiasis,IL13,0.08447659459582649,4.0,INHIBITOR,63.4,False,4 CONTRAINDICATIONS EBGLYSS is contraindicated in patients with prior serious hypersensitivity to lebrikizumab-lbkz or any excipients of EBGLYSS [see Warnings and Precautions ( 5.1 )] . Prior serious hypersensitivity to lebrikizumab-lbkz or any excipients in EBGLYSS. ( 4 ),116,0,0,False,0,,True,,,,
TRALOKINUMAB,Schistosomiasis,IL13,0.08447659459582649,4.0,INHIBITOR,63.4,False,4 CONTRAINDICATIONS ADBRY is contraindicated in patients who have known hypersensitivity to tralokinumab-ldrm or any excipients in ADBRY [see Warnings and Precautions (5.1) ] . Known hypersensitivity to tralokinumab-ldrm or any excipients in ADBRY. ( 4 ),134,0,0,False,0,,True,,,,
LEBRIKIZUMAB,Schistosomiasis,IL13,0.08447659459582649,4.0,INHIBITOR,63.4,False,4 CONTRAINDICATIONS EBGLYSS is contraindicated in patients with prior serious hypersensitivity to lebrikizumab-lbkz or any excipients of EBGLYSS [see Warnings and Precautions ( 5.1 )] . Prior serious hypersensitivity to lebrikizumab-lbkz or any excipients in EBGLYSS. ( 4 ),116,0,0,False,0,,True,,,,
DASATINIB ANHYDROUS,Schistosomiasis,KIT,0.07816100621227716,4.0,INHIBITOR,63.1,,,,0,0,False,0,,,,,,
PAZOPANIB HYDROCHLORIDE,Schistosomiasis,KIT,0.07816100621227716,4.0,INHIBITOR,63.1,True,4 CONTRAINDICATIONS None. None. ( 4 ),102,0,0,False,0,,False,,,,
REGORAFENIB,Schistosomiasis,KIT,0.07816100621227716,4.0,INHIBITOR,63.1,True,4 CONTRAINDICATIONS None. None.,1998,0,0,False,0,,False,,,,
SORAFENIB TOSYLATE,Schistosomiasis,KIT,0.07816100621227716,4.0,INHIBITOR,63.1,,,63,0,0,False,0,,,,,,
SUNITINIB MALATE,Schistosomiasis,KIT,0.07816100621227716,4.0,INHIBITOR,63.1,True,4 CONTRAINDICATIONS None. None ( 4 ),5054,0,0,False,0,,False,,,,
IMATINIB MESYLATE,Schistosomiasis,KIT,0.07816100621227716,4.0,INHIBITOR,63.1,False,4 CONTRAINDICATIONS None. None ( 4 ).,3276,0,0,False,1,,False,,,,
PEXIDARTINIB,Schistosomiasis,KIT,0.07816100621227716,4.0,INHIBITOR,63.1,True,4 CONTRAINDICATIONS None. None. ( 4 ),148,0,0,False,0,,False,,,,
QUIZARTINIB,Schistosomiasis,KIT,0.07816100621227716,4.0,INHIBITOR,63.1,True,"4 CONTRAINDICATIONS VANFLYTA is contraindicated in patients with severe hypokalemia, severe hypomagnesemia, long QT syndrome, or in patients with a history of ventricular arrhythmias or torsades de pointes [see Warnings and Precautions (5.1) ]. Contraindicated in patients with severe hypokalemia, severe hypomagnesemia, long QT syndrome, or in patients with a history of ventricular arrhythmias or t",118,0,0,False,0,,False,,,,
MIDOSTAURIN,Schistosomiasis,KIT,0.07816100621227716,4.0,INHIBITOR,63.1,,,1239,0,0,False,0,,,,,,
TRASTUZUMAB EMTANSINE,Chagas disease,TUBA1B,0.07520950042833682,4.0,INHIBITOR,63.0,True,4 CONTRAINDICATIONS None. None. ( 4 ),3637,0,0,False,0,,True,,,,
BRENTUXIMAB VEDOTIN,Chagas disease,TUBA1B,0.07520950042833682,4.0,INHIBITOR,63.0,True,"4 CONTRAINDICATIONS ADCETRIS is contraindicated with concomitant bleomycin due to pulmonary toxicity (e.g., interstitial infiltration and/or inflammation) [see Adverse Reactions (6.1) ] . Concomitant use with bleomycin due to pulmonary toxicity (4) .",5465,0,0,False,0,,False,,,,
PACLITAXEL,Chagas disease,TUBA1B,0.07520950042833682,4.0,INHIBITOR,63.0,True,"CONTRAINDICATIONS Paclitaxel is contraindicated in patients who have a history of hypersensitivity reactions to paclitaxel or other drugs formulated in polyoxyl 35 castor oil. Paclitaxel should not be used in patients with solid tumors who have baseline neutrophil counts of <1,500 cells/mm 3 or in patients with AIDS-related Kaposi's sarcoma with baseline neutrophil counts of <1,000 cells/mm 3 .",88342,1,3,True,1,,False,,,,
DOCETAXEL,Chagas disease,TUBA1B,0.07520950042833682,4.0,INHIBITOR,63.0,True,"4 CONTRAINDICATIONS Docetaxel Injection is contraindicated in patients with: • neutrophil counts of <1500 cells/mm 3 [ see Warnings and Precautions (5.3) ]. • a history of severe hypersensitivity reactions to docetaxel or to other drugs formulated with polysorbate 80. Severe reactions, including anaphylaxis, have occurred [ see Warnings and Precautions (5.5) ]. • Hypersensitivity to docetaxel or p",56359,0,0,False,0,,True,,,,
ERIBULIN MESYLATE,Chagas disease,TUBA1B,0.07520950042833682,4.0,INHIBITOR,63.0,False,4 CONTRAINDICATIONS None. None ( 4 ),337,0,0,False,0,,False,,,,
CABAZITAXEL,Chagas disease,TUBA1B,0.07520950042833682,4.0,INHIBITOR,63.0,True,"4 CONTRAINDICATIONS JEVTANA is contraindicated in patients with: neutrophil counts of ≤1,500/mm 3 [see Warnings and Precautions (5.1) ] history of severe hypersensitivity reactions to cabazitaxel or to other drugs formulated with polysorbate 80 [see Warnings and Precautions (5.3) ] severe hepatic impairment (total bilirubin >3 × ULN) [see Warnings and Precautions (5.8) ] Neutrophil counts of ≤1,50",1964,0,0,False,0,,True,,,,
COLCHICINE,Chagas disease,TUBA1B,0.07520950042833682,4.0,INHIBITOR,63.0,False,"4 CONTRAINDICATIONS Patients with renal or hepatic impairment should not be given colchicine tablets in conjunction with P-gp or strong CYP3A4 inhibitors (this includes all protease inhibitors except fosamprenavir). In these patients, life-threatening and fatal colchicine toxicity has been reported with colchicine taken in therapeutic doses. Patients with renal or hepatic impairment should not be ",22567,1,2,False,3,,False,,,,
IXABEPILONE,Chagas disease,TUBA1B,0.07520950042833682,4.0,INHIBITOR,63.0,True,"4 CONTRAINDICATIONS IXEMPRA is contraindicated in patients who have: a neutrophil count <1500 cells/mm 3 or a platelet count <100,000 cells/mm 3 [see Warnings and Precautions ( 5.2 )]. a history of severe hypersensitivity to agents containing Cremophor ® EL or its derivatives (e.g., polyoxyethylated castor oil) [see Warnings and Precautions ( 5.4 )]. IXEMPRA in combination with capecitabine is con",647,0,0,False,0,,False,,,,
VINCRISTINE SULFATE,Chagas disease,TUBA1B,0.07520950042833682,4.0,INHIBITOR,63.0,True,CONTRAINDICATIONS Patients with the demyelinating form of Charcot–Marie–Tooth syndrome should not be given Vincristine Sulfate Injection. Careful attention should be given to those conditions listed under WARNINGS and PRECAUTIONS .,28842,1,3,True,0,,True,,,,
VINORELBINE TARTRATE,Chagas disease,TUBA1B,0.07520950042833682,4.0,INHIBITOR,63.0,,,1928,0,0,False,0,,,,,,
VINBLASTINE SULFATE,Chagas disease,TUBA1B,0.07520950042833682,4.0,INHIBITOR,63.0,True,CONTRAINDICATIONS: Vinblastine sulfate is contraindicated in patients who have significant granulocytopenia unless this is a result of the disease being treated. It should not be used in the presence of bacterial infections. Such infections must be brought under control prior to the initiation of therapy with vinblastine sulfate.,1981,0,0,False,0,,False,,,,
VINFLUNINE,Chagas disease,TUBA1B,0.07520950042833682,4.0,INHIBITOR,63.0,,,185,0,0,False,0,,,,,,
MIRVETUXIMAB SORAVTANSINE,Chagas disease,TUBA1B,0.07520950042833682,4.0,INHIBITOR,63.0,True,4 CONTRAINDICATIONS None. None. ( 4 ),252,0,0,False,0,,False,,,,
POLATUZUMAB VEDOTIN,Chagas disease,TUBA1B,0.07520950042833682,4.0,INHIBITOR,63.0,False,4 CONTRAINDICATIONS None. None. ( 4 ),5750,0,0,False,0,,True,,,,
EZETIMIBE,Human African trypanosomiasis,NPC1,0.056255584674868714,4.0,INHIBITOR,62.3,False,"4 CONTRAINDICATIONS Ezetimibe and simvastatin tablets are contraindicated in the following conditions: • Concomitant administration of strong CYP3A4 inhibitors (e.g., itraconazole, ketoconazole, posaconazole, voriconazole, HIV protease inhibitors, boceprevir, telaprevir, erythromycin, clarithromycin, telithromycin, nefazodone, and cobicistat-containing products) [ see Warnings and Precautions ( 5.",36151,0,0,False,0,"5.0 (2025, Number of new reported cases of human African trypanosomiasis (T.b. gambiense))",False,,,,
OMALIZUMAB,Echinococcosis,IGHE,0.03145834562895533,4.0,INHIBITOR,61.3,True,"4 CONTRAINDICATIONS XOLAIR is contraindicated in patients with severe hypersensitivity reaction to XOLAIR or any ingredient of XOLAIR [see Warnings and Precautions (5.1) ] . Severe hypersensitivity reaction to XOLAIR or any ingredient of XOLAIR ( 4 , 5.1 )",10869,0,0,False,0,,True,,,,
INTERFERON GAMMA-1B,Buruli ulcer,IFNG,0.028166502014087096,4.0,AGONIST,61.1,False,,259,0,0,False,0,"No data (2022, Number of new reported cases of Buruli ulcer)",False,,,,
OMALIZUMAB,Onchocerciasis,IGHE,0.027329496559965798,4.0,INHIBITOR,61.1,True,"4 CONTRAINDICATIONS XOLAIR is contraindicated in patients with severe hypersensitivity reaction to XOLAIR or any ingredient of XOLAIR [see Warnings and Precautions (5.1) ] . Severe hypersensitivity reaction to XOLAIR or any ingredient of XOLAIR ( 4 , 5.1 )",10869,0,0,False,0,"Elimination verified (2024, Estimated number of individuals in the country requiring preventive chemotherapy for onchocerciasis)",True,,,,
INTERFERON GAMMA-1B,Echinococcosis,IFNG,0.019469468270072822,4.0,AGONIST,60.8,False,,259,0,0,False,0,,False,,,,
LEVAMISOLE HYDROCHLORIDE,Onchocerciasis,ACE,0.020696471862343302,4.0,AGONIST,60.8,,,28,2,3,False,0,"Elimination verified (2024, Estimated number of individuals in the country requiring preventive chemotherapy for onchocerciasis)",,,,,
SECUKINUMAB,Mycetoma,IL17A,0.012196135204595159,4.0,INHIBITOR,60.5,False,4 CONTRAINDICATIONS COSENTYX is contraindicated in patients with a previous serious hypersensitivity reaction to secukinumab or to any of the excipients in COSENTYX. Cases of anaphylaxis and angioedema have been reported during treatment with COSENTYX [see Warnings and Precautions (5.2)] . Serious hypersensitivity to secukinumab or any excipients in COSENTYX. ( 4 ),4731,0,0,False,0,,False,,,,
IXEKIZUMAB,Mycetoma,IL17A,0.012196135204595159,4.0,INHIBITOR,60.5,False,"4 CONTRAINDICATIONS TALTZ is contraindicated in patients with a previous serious hypersensitivity reaction, such as anaphylaxis, to ixekizumab or to any of the excipients [see Warnings and Precautions ( 5.3 )] . Serious hypersensitivity reaction to ixekizumab or to any of the excipients. ( 4 )",1168,0,0,False,0,,True,,,,
BIMEKIZUMAB,Mycetoma,IL17A,0.012196135204595159,4.0,INHIBITOR,60.5,False,4 CONTRAINDICATIONS None. None. ( 4 ),3865,0,0,False,0,,True,,,,
CHLORZOXAZONE,Yaws,CA4,0.002771848910135263,4.0,OPENER,60.1,False,CONTRAINDICATIONS Chlorzoxazone is contraindicated in patients with known intolerance to the drug.,968,0,0,False,0,"33891.0 (2016, Number of cases of yaws reported)",False,,,,
LUCITANIB,Scabies,FLG,0.6790696224956302,2.0,INHIBITOR,57.2,,,26,0,0,False,0,,,,,,
TG100-801,Scabies,FLG,0.6790696224956302,2.0,INHIBITOR,57.2,,,,0,0,False,0,,,,,,
E-7090,Scabies,FLG,0.6790696224956302,2.0,INHIBITOR,57.2,,,,0,0,False,0,,,,,,
FGFR INHIBITOR DEBIO 1347,Scabies,FLG,0.6790696224956302,2.0,INHIBITOR,57.2,,,,0,0,False,0,,,,,,
HMPL-453,Scabies,FLG,0.6790696224956302,2.0,INHIBITOR,57.2,,,,0,0,False,0,,,,,,
MARIMASTAT,Lymphatic filariasis,MMP7,0.09239496367117545,3.0,INHIBITOR,48.7,,,,0,0,False,0,,,,,,
CENDAKIMAB,Schistosomiasis,IL13,0.08447659459582649,3.0,INHIBITOR,48.4,,,,0,0,False,0,,,,,,
ITEPEKIMAB,Schistosomiasis,IL33,0.07989071064000698,3.0,INHIBITOR,48.2,,,,0,0,False,0,,,,,,
CM-082,Schistosomiasis,KIT,0.07816100621227716,3.0,INHIBITOR,48.1,,,,0,0,False,0,,,,,,
CATEQUENTINIB,Schistosomiasis,KIT,0.07816100621227716,3.0,INHIBITOR,48.1,,,584,0,0,False,0,,,,,,
FAMITINIB,Schistosomiasis,KIT,0.07816100621227716,3.0,INHIBITOR,48.1,,,6,0,0,False,0,,,,,,
MASITINIB,Schistosomiasis,KIT,0.07816100621227716,3.0,INHIBITOR,48.1,,,25,0,0,False,0,,,,,,
CEDIRANIB,Schistosomiasis,KIT,0.07816100621227716,3.0,INHIBITOR,48.1,,,117,0,0,False,0,,,,,,
VATALANIB,Schistosomiasis,KIT,0.07816100621227716,3.0,INHIBITOR,48.1,,,6,0,0,False,0,,,,,,
SEMAXANIB,Schistosomiasis,KIT,0.07816100621227716,3.0,INHIBITOR,48.1,,,,0,0,False,0,,,,,,
PACLITAXEL POLIGLUMEX,Chagas disease,TUBA1B,0.07520950042833682,3.0,STABILISER,48.0,,,8,0,0,False,0,,,,,,
PLINABULIN,Chagas disease,TUBA1B,0.07520950042833682,3.0,INHIBITOR,48.0,,,17,0,0,False,0,,,,,,
LIGELIZUMAB,Echinococcosis,IGHE,0.03145834562895533,3.0,INHIBITOR,46.3,,,2,0,0,False,0,,,,,,
LIGELIZUMAB,Onchocerciasis,IGHE,0.027329496559965798,3.0,INHIBITOR,46.1,,,2,0,0,False,0,"Elimination verified (2024, Estimated number of individuals in the country requiring preventive chemotherapy for onchocerciasis)",,,,,
M-1095,Mycetoma,IL17A,0.012196135204595159,3.0,INHIBITOR,45.5,,,,0,0,False,0,,,,,,
IZOKIBEP,Mycetoma,IL17A,0.012196135204595159,3.0,INHIBITOR,45.5,,,,0,0,False,0,,,,,,
VUNAKIZUMAB,Mycetoma,IL17A,0.012196135204595159,3.0,INHIBITOR,45.5,,,,0,0,False,0,,,,,,
RUPLIZUMAB,Chikungunya,CD40LG,0.0022174791281082107,3.0,INHIBITOR,45.1,,,,0,0,False,0,,,,,,
DAPIROLIZUMAB PEGOL,Chikungunya,CD40LG,0.0022174791281082107,3.0,INHIBITOR,45.1,,,,0,0,False,0,,,,,,
DAZODALIBEP,Chikungunya,CD40LG,0.0022174791281082107,3.0,ANTAGONIST,45.1,,,,0,0,False,0,,,,,,
SENICAPOC,Yaws,CA4,0.002771848910135263,3.0,BLOCKER,45.1,,,1,0,0,False,0,"33891.0 (2016, Number of cases of yaws reported)",,,,,
PD-0166285 HYDROCHLORIDE,Scabies,FLG,0.6790696224956302,1.0,INHIBITOR,42.2,,,,0,0,False,0,,,,,,
RG-1530,Scabies,FLG,0.6790696224956302,1.0,INHIBITOR,42.2,,,,0,0,False,0,,,,,,
CTS-1027,Lymphatic filariasis,MMP8,0.09239496367117545,2.0,INHIBITOR,33.7,,,1,0,0,False,0,,,,,,
REBIMASTAT,Lymphatic filariasis,MMP8,0.09239496367117545,2.0,INHIBITOR,33.7,,,1,0,0,False,0,,,,,,
FRESOLIMUMAB,Chagas disease,TGFB1,0.0885058615966489,2.0,INHIBITOR,33.5,,,4,0,0,False,0,,,,,,
METELIMUMAB,Chagas disease,TGFB1,0.0885058615966489,2.0,INHIBITOR,33.5,,,,0,0,False,0,,,,,,
LY-2382770,Chagas disease,TGFB1,0.0885058615966489,2.0,INHIBITOR,33.5,,,,0,0,False,0,,,,,,
ANRUKINZUMAB,Schistosomiasis,IL13,0.08447659459582649,2.0,INHIBITOR,33.4,,,,0,0,False,0,,,,,,
QAX-576,Schistosomiasis,IL13,0.08447659459582649,2.0,INHIBITOR,33.4,,,,0,0,False,0,,,,,,
ROMILKIMAB,Schistosomiasis,IL13,0.08447659459582649,2.0,INHIBITOR,33.4,,,,0,0,False,0,,,,,,
ASK-8007,Schistosomiasis,SPP1,0.08063594673507235,2.0,INHIBITOR,33.2,,,,0,0,False,0,,,,,,
ETOKIMAB,Schistosomiasis,IL33,0.07989071064000698,2.0,BINDING AGENT,33.2,,,,0,0,False,0,,,,,,
TORUDOKIMAB,Schistosomiasis,IL33,0.07989071064000698,2.0,INHIBITOR,33.2,,,,0,0,False,0,,,,,,
SU-014813,Schistosomiasis,KIT,0.07816100621227716,2.0,INHIBITOR,33.1,,,,0,0,False,0,,,,,,
TELATINIB,Schistosomiasis,KIT,0.07816100621227716,2.0,INHIBITOR,33.1,,,2,0,0,False,0,,,,,,
ENMD-2076,Schistosomiasis,KIT,0.07816100621227716,2.0,INHIBITOR,33.1,,,,0,0,False,0,,,,,,
FORETINIB,Schistosomiasis,KIT,0.07816100621227716,2.0,INHIBITOR,33.1,,,3,0,0,False,0,,,,,,
TANDUTINIB,Schistosomiasis,KIT,0.07816100621227716,2.0,INHIBITOR,33.1,,,2,0,0,False,0,,,,,,
AMUVATINIB,Schistosomiasis,KIT,0.07816100621227716,2.0,INHIBITOR,33.1,,,,0,0,False,0,,,,,,
XL-820,Schistosomiasis,KIT,0.07816100621227716,2.0,INHIBITOR,33.1,,,,0,0,False,0,,,,,,
XL-999,Schistosomiasis,KIT,0.07816100621227716,2.0,INHIBITOR,33.1,,,,0,0,False,0,,,,,,
INDIBULIN,Chagas disease,TUBA1B,0.07520950042833682,2.0,INHIBITOR,33.0,,,,0,0,False,0,,,,,,
DAVUNETIDE,Chagas disease,TUBA1B,0.07520950042833682,2.0,STABILISER,33.0,,,,0,0,False,0,,,,,,
CROLIBULIN,Chagas disease,TUBA1B,0.07520950042833682,2.0,INHIBITOR,33.0,,,,0,0,False,0,,,,,,
LEXIBULIN,Chagas disease,TUBA1B,0.07520950042833682,2.0,INHIBITOR,33.0,,,,0,0,False,0,,,,,,
FOSBRETABULIN DISODIUM,Chagas disease,TUBA1B,0.07520950042833682,2.0,INHIBITOR,33.0,,,,0,0,False,0,,,,,,
FOSBRETABULIN TROMETHAMINE,Chagas disease,TUBA1B,0.07520950042833682,2.0,DISRUPTING AGENT,33.0,,,8,0,0,False,0,,,,,,
SAGOPILONE,Chagas disease,TUBA1B,0.07520950042833682,2.0,STABILISER,33.0,,,,0,0,False,0,,,,,,
VERUBULIN,Chagas disease,TUBA1B,0.07520950042833682,2.0,DISRUPTING AGENT,33.0,,,,0,0,False,0,,,,,,
ELPETRIGINE,Taeniasis,CACNA1A,0.06177174665759764,2.0,BLOCKER,32.5,,,,0,0,False,0,,,,,,
NNC0114-0006,Echinococcosis,IL21,0.06024151631360641,2.0,BINDING AGENT,32.4,,,,0,0,False,0,,,,,,
ERLIZUMAB,Lymphatic filariasis,ITGB2,0.059666731351050856,2.0,NEGATIVE MODULATOR,32.4,,,,0,0,False,0,,,,,,
MLNM-2201,Lymphatic filariasis,ITGB2,0.059666731351050856,2.0,INHIBITOR,32.4,,,,0,0,False,0,,,,,,
ERLIZUMAB,Dracunculiasis,ITGB2,0.058246657717410354,2.0,NEGATIVE MODULATOR,32.3,,,,0,0,False,0,,,,,,
MLNM-2201,Dracunculiasis,ITGB2,0.058246657717410354,2.0,INHIBITOR,32.3,,,,0,0,False,0,,,,,,
ABX-IL8,Trachoma,CXCL8,0.04984975208843854,2.0,INHIBITOR,32.0,,,,0,0,False,0,"2.0 (2025, Number of people operated for trachomatous trichiasis)",,,,,
ADAKITUG,Trachoma,CXCL8,0.04984975208843854,2.0,INHIBITOR,32.0,,,,0,0,False,0,"2.0 (2025, Number of people operated for trachomatous trichiasis)",,,,,
TALIZUMAB,Echinococcosis,IGHE,0.03145834562895533,2.0,INHIBITOR,31.3,,,,0,0,False,0,,,,,,
AL-901,Echinococcosis,IGHE,0.03145834562895533,2.0,INHIBITOR,31.3,,,,0,0,False,0,,,,,,
QUILIZUMAB,Echinococcosis,IGHE,0.03145834562895533,2.0,INHIBITOR,31.3,,,,0,0,False,0,,,,,,
NIVOCASAN,Buruli ulcer,IL1B,0.027153853212251004,2.0,INHIBITOR,31.1,,,,0,0,False,0,"No data (2022, Number of new reported cases of Buruli ulcer)",,,,,
BELNACASAN,Buruli ulcer,IL1B,0.027153853212251004,2.0,INHIBITOR,31.1,,,,0,0,False,0,"No data (2022, Number of new reported cases of Buruli ulcer)",,,,,
TALIZUMAB,Onchocerciasis,IGHE,0.027329496559965798,2.0,INHIBITOR,31.1,,,,0,0,False,0,"Elimination verified (2024, Estimated number of individuals in the country requiring preventive chemotherapy for onchocerciasis)",,,,,
AL-901,Onchocerciasis,IGHE,0.027329496559965798,2.0,INHIBITOR,31.1,,,,0,0,False,0,"Elimination verified (2024, Estimated number of individuals in the country requiring preventive chemotherapy for onchocerciasis)",,,,,
QUILIZUMAB,Onchocerciasis,IGHE,0.027329496559965798,2.0,INHIBITOR,31.1,,,,0,0,False,0,"Elimination verified (2024, Estimated number of individuals in the country requiring preventive chemotherapy for onchocerciasis)",,,,,
SCH-708980,Onchocerciasis,IL10,0.02060835666605075,2.0,INHIBITOR,30.8,,,,0,0,False,0,"Elimination verified (2024, Estimated number of individuals in the country requiring preventive chemotherapy for onchocerciasis)",,,,,
AFASEVIKUMAB,Mycetoma,IL17A,0.012196135204595159,2.0,INHIBITOR,30.5,,,,0,0,False,0,,,,,,
PERAKIZUMAB,Mycetoma,IL17A,0.012196135204595159,2.0,INHIBITOR,30.5,,,,0,0,False,0,,,,,,
CJM-112,Mycetoma,IL17A,0.012196135204595159,2.0,BINDING AGENT,30.5,,,,0,0,False,0,,,,,,
REMTOLUMAB,Mycetoma,IL17A,0.012196135204595159,2.0,INHIBITOR,30.5,,,2,0,0,False,0,,,,,,
TIBULIZUMAB,Mycetoma,IL17A,0.012196135204595159,2.0,INHIBITOR,30.5,,,,0,0,False,0,,,,,,
SCH-708980,Mycetoma,IL10,0.011456975495225757,2.0,INHIBITOR,30.5,,,,0,0,False,0,,,,,,
NIVOCASAN,Mycetoma,IL1B,0.01022504264627675,2.0,INHIBITOR,30.4,,,,0,0,False,0,,,,,,
BELNACASAN,Mycetoma,IL1B,0.01022504264627675,2.0,INHIBITOR,30.4,,,,0,0,False,0,,,,,,
TORALIZUMAB,Chikungunya,CD40LG,0.0022174791281082107,2.0,INHIBITOR,30.1,,,,0,0,False,0,,,,,,
RAVAGALIMAB,Chikungunya,CD40LG,0.0022174791281082107,2.0,ANTAGONIST,30.1,,,,0,0,False,0,,,,,,
TEGOPRUBART,Chikungunya,CD40LG,0.0022174791281082107,2.0,INHIBITOR,30.1,,,4,0,0,False,0,,,,,,
CNTO-5825,Schistosomiasis,IL13,0.08447659459582649,1.0,INHIBITOR,18.4,,,,0,0,False,0,,,,,,
OSI-930,Schistosomiasis,KIT,0.07816100621227716,1.0,INHIBITOR,18.1,,,1,0,0,False,0,,,,,,
RG-7841,Chagas disease,TUBA1B,0.07520950042833682,1.0,INHIBITOR,18.0,,,,0,0,False,0,,,,,,
MLN-01,Lymphatic filariasis,ITGB2,0.059666731351050856,1.0,INHIBITOR,17.4,,,,0,0,False,0,,,,,,
MLN-01,Dracunculiasis,ITGB2,0.058246657717410354,1.0,INHIBITOR,17.3,,,,0,0,False,0,,,,,,
MEDI-4212,Echinococcosis,IGHE,0.03145834562895533,1.0,INHIBITOR,16.3,,,,0,0,False,0,,,,,,
MEDI-4212,Onchocerciasis,IGHE,0.027329496559965798,1.0,INHIBITOR,16.1,,,,0,0,False,0,"Elimination verified (2024, Estimated number of individuals in the country requiring preventive chemotherapy for onchocerciasis)",,,,,
